{"cameraMode":{"drawMode":0,"name":"Shaded","section":"Shading Mode"},"sceneLighting":false,"audioPlay":false,"sceneViewState":{"showFog":true,"showMaterialUpdate":false,"showSkybox":false,"showFlares":true,"showImageEffects":true,"showParticleSystems":true},"in2DMode":false,"pivot":{"x":193.424560546875,"y":16.548311233520509,"z":250.6852569580078},"rotation":{"x":0.1396014392375946,"y":0.7070873975753784,"z":-0.14651639759540559,"w":0.6779945492744446},"size":2.911708354949951,"orthographic":false}