{"cameraMode":{"drawMode":0,"name":"Shaded","section":"Shading Mode"},"sceneLighting":false,"audioPlay":false,"sceneViewState":{"showFog":true,"showMaterialUpdate":false,"showSkybox":false,"showFlares":true,"showImageEffects":true,"showParticleSystems":true},"in2DMode":false,"pivot":{"x":233.96006774902345,"y":15.653914451599121,"z":261.6793518066406},"rotation":{"x":-0.013719999231398106,"y":0.967862069606781,"z":-0.24641215801239015,"w":-0.05291985720396042},"size":2.3722288608551027,"orthographic":false}