{"cameraMode":{"drawMode":0,"name":"Shaded","section":"Shading Mode"},"sceneLighting":false,"audioPlay":false,"sceneViewState":{"showFog":true,"showMaterialUpdate":false,"showSkybox":false,"showFlares":true,"showImageEffects":true,"showParticleSystems":true},"in2DMode":false,"pivot":{"x":9.5367431640625e-7,"y":0.873903751373291,"z":-0.02284608781337738},"rotation":{"x":-0.007213410921394825,"y":0.9784356355667114,"z":-0.204264298081398,"w":-0.03445286303758621},"size":1.1856101751327515,"orthographic":false}